1,2,3,4,5
A,B,A,C,K
A,B,A,S,E
A,B,A,T,E
A,B,A,Y,A
A,B,B,E,Y
A,B,B,O,T
A,B,E,T,S
A,B,H,O,R
A,B,I,D,E
A,B,O,D,E
A,B,O,R,T
A,B,O,U,T
A,B,O,V,E
A,B,U,S,E
A,B,U,T,S
A,B,Y,S,S
A,C,H,E,D
A,C,H,E,S
A,C,I,D,S
A,C,I,N,G
A,C,K,E,E
A,C,O,R,N
A,C,R,E,S
A,C,R,I,D
A,C,T,E,D
A,C,T,I,N
A,C,T,O,R
A,C,U,T,E
A,D,A,G,E
A,D,A,P,T
A,D,D,E,D
A,D,D,E,R
A,D,D,L,E
A,D,E,P,T
A,D,I,E,U
A,D,I,O,S
A,D,I,T,S
A,D,M,A,N
A,D,M,I,N
A,D,M,I,T
A,D,O,B,E
A,D,O,B,O
A,D,O,P,T
A,D,O,R,E
A,D,O,R,N
A,D,U,L,T
A,D,Z,E,S
A,E,G,I,S
A,E,O,N,S
A,E,R,I,E
A,F,F,I,X
A,F,I,R,E
A,F,O,O,T
A,F,O,R,E
A,F,T,E,R
A,G,A,I,N
A,G,A,P,E
A,G,A,T,E
A,G,A,V,E
A,G,E,N,T
A,G,G,R,O
A,G,I,L,E
A,G,I,N,G
A,G,L,O,W
A,G,O,N,Y
A,G,O,R,A
A,G,R,E,E
A,H,E,A,D
A,H,O,L,D
A,I,D,E,D
A,I,D,E,R
A,I,D,E,S
A,I,L,E,D
A,I,M,E,D
A,I,M,E,R
A,I,O,L,I
A,I,R,E,D
A,I,S,L,E
A,L,A,R,M
A,L,B,U,M
A,L,D,E,R
A,L,E,P,H
A,L,E,R,T
A,L,G,A,E
A,L,G,A,L
A,L,I,A,S
A,L,I,B,I
A,L,I,E,N
A,L,I,G,N
A,L,I,K,E
A,L,I,V,E
A,L,K,Y,D
A,L,K,Y,L
A,L,L,A,Y
A,L,L,E,Y
A,L,L,O,T
A,L,L,O,W
A,L,L,O,Y
A,L,L,Y,L
A,L,O,E,S
A,L,O,F,T
A,L,O,H,A
A,L,O,N,E
A,L,O,N,G
A,L,O,O,F
A,L,O,U,D
A,L,P,H,A
A,L,T,A,R
A,L,T,E,R
A,L,T,O,S
A,L,U,M,S
A,M,A,S,S
A,M,A,Z,E
A,M,B,E,R
A,M,B,I,T
A,M,B,L,E
A,M,B,O,S
A,M,E,N,D
A,M,I,D,E
A,M,I,N,E
A,M,I,N,O
A,M,I,S,S
A,M,I,T,Y
A,M,N,I,O
A,M,O,N,G
A,M,O,U,R
A,M,P,E,D
A,M,P,L,E
A,M,P,L,Y
A,M,U,S,E
A,N,C,H,O
A,N,G,E,L
A,N,G,E,R
A,N,G,L,E
A,N,G,R,Y
A,N,G,S,T
A,N,I,M,A
A,N,I,M,E
A,N,I,O,N
A,N,I,S,E
A,N,K,L,E
A,N,N,A,S
A,N,N,E,X
A,N,N,O,Y
A,N,N,U,L
A,N,O,D,E
A,N,O,L,E
A,N,T,I,C
A,N,T,I,S
A,N,T,S,Y
A,N,V,I,L
A,O,R,T,A
A,P,A,C,E
A,P,A,R,T
A,P,H,I,D
A,P,N,E,A
A,P,P,L,E
A,P,P,L,Y
A,P,R,O,N
A,P,S,E,S
A,P,T,E,R
A,P,T,L,Y
A,Q,U,A,S
A,R,B,O,R
A,R,D,O,R
A,R,E,A,L
A,R,E,A,S
A,R,E,C,A
A,R,E,N,A
A,R,G,O,N
A,R,G,O,T
A,R,G,U,E
A,R,G,U,S
A,R,I,A,S
A,R,I,L,S
A,R,I,S,E
A,R,M,E,D
A,R,M,O,R
A,R,O,M,A
A,R,O,S,E
A,R,R,A,Y
A,R,R,O,W
A,R,S,E,S
A,R,S,O,N
A,R,T,S,Y
A,S,A,N,A
A,S,C,O,T
A,S,H,E,N
A,S,H,E,S
A,S,I,D,E
A,S,K,E,D
A,S,K,E,R
A,S,K,E,W
A,S,P,E,N
A,S,P,I,C
A,S,S,A,Y
A,S,S,E,S
A,S,S,E,T
A,S,T,E,R
A,S,T,I,R
A,S,U,R,A
A,T,L,A,S
A,T,M,A,N
A,T,O,L,L
A,T,O,M,S
A,T,O,N,E
A,T,O,P,Y
A,T,T,I,C
A,U,D,I,O
A,U,D,I,T
A,U,G,E,R
A,U,G,H,T
A,U,G,U,R
A,U,N,T,S
A,U,N,T,Y
A,U,R,A,L
A,U,R,A,S
A,U,T,O,S
A,U,X,I,N
A,V,A,I,L
A,V,E,R,S
A,V,E,R,T
A,V,I,A,N
A,V,O,I,D
A,V,O,W,S
A,W,A,I,T
A,W,A,K,E
A,W,A,R,D
A,W,A,R,E
A,W,A,S,H
A,W,F,U,L
A,W,O,K,E
A,X,E,L,S
A,X,I,A,L
A,X,I,L,S
A,X,I,N,G
A,X,I,O,M
A,X,I,O,N
A,X,L,E,S
A,X,O,N,S
A,Z,I,D,E
A,Z,O,L,E
A,Z,U,R,E
B,A,B,E,L
B,A,B,E,S
B,A,B,K,A
B,A,C,K,S
B,A,C,O,N
B,A,D,D,Y
B,A,D,G,E
B,A,D,L,Y
B,A,G,E,L
B,A,G,G,Y
B,A,I,L,S
B,A,I,R,N
B,A,I,T,S
B,A,I,Z,E
B,A,K,E,D
B,A,K,E,R
B,A,K,E,S
B,A,L,D,Y
B,A,L,E,D
B,A,L,E,R
B,A,L,E,S
B,A,L,K,S
B,A,L,K,Y
B,A,L,L,S
B,A,L,M,S
B,A,L,M,Y
B,A,L,S,A
B,A,N,A,L
B,A,N,D,S
B,A,N,D,Y
B,A,N,E,S
B,A,N,G,S
B,A,N,J,O
B,A,N,K,S
B,A,R,B,S
B,A,R,D,S
B,A,R,E,D
B,A,R,E,R
B,A,R,E,S
B,A,R,G,E
B,A,R,K,S
B,A,R,M,Y
B,A,R,N,S
B,A,R,O,N
B,A,R,R,E
B,A,S,A,L
B,A,S,E,D
B,A,S,E,R
B,A,S,E,S
B,A,S,I,C
B,A,S,I,L
B,A,S,I,N
B,A,S,I,S
B,A,S,K,S
B,A,S,S,O
B,A,S,S,Y
B,A,S,T,E
B,A,T,C,H
B,A,T,E,D
B,A,T,H,E
B,A,T,H,S
B,A,T,I,K
B,A,T,O,N
B,A,T,T,S
B,A,T,T,Y
B,A,W,D,Y
B,A,W,L,S
B,A,Y,E,D
B,A,Y,O,U
B,E,A,C,H
B,E,A,D,S
B,E,A,D,Y
B,E,A,K,S
B,E,A,M,S
B,E,A,M,Y
B,E,A,N,S
B,E,A,R,D
B,E,A,R,S
B,E,A,S,T
B,E,A,T,S
B,E,A,U,S
B,E,A,U,T
B,E,A,U,X
B,E,B,O,P
B,E,C,K,S
B,E,E,C,H
B,E,E,F,S
B,E,E,F,Y
B,E,E,P,S
B,E,E,R,S
B,E,E,R,Y
B,E,E,T,S
B,E,F,I,T
B,E,G,A,N
B,E,G,E,T
B,E,G,I,N
B,E,G,U,N
B,E,I,G,E
B,E,I,N,G
B,E,L,A,Y
B,E,L,C,H
B,E,L,I,E
B,E,L,L,E
B,E,L,L,S
B,E,L,L,Y
B,E,L,O,W
B,E,L,T,S
B,E,N,C,H
B,E,N,D,S
B,E,N,D,Y
B,E,N,T,O
B,E,N,T,S
B,E,R,E,T
B,E,R,G,S
B,E,R,M,S
B,E,R,R,Y
B,E,R,T,H
B,E,R,Y,L
B,E,S,E,T
B,E,S,T,S
B,E,T,A,S
B,E,T,E,L
B,E,T,T,A
B,E,V,E,L
B,E,Z,E,L
B,H,A,J,I
B,I,B,L,E
B,I,C,E,P
B,I,D,D,Y
B,I,D,E,D
B,I,D,E,S
B,I,D,E,T
B,I,G,H,T
B,I,G,O,T
B,I,J,O,U
B,I,K,E,D
B,I,K,E,R
B,I,K,E,S
B,I,L,E,S
B,I,L,G,E
B,I,L,L,S
B,I,L,L,Y
B,I,M,B,O
B,I,N,D,I
B,I,N,D,S
B,I,N,G,E
B,I,N,G,O
B,I,O,M,E
B,I,O,T,A
B,I,P,O,D
B,I,R,C,H
B,I,R,D,S
B,I,R,T,H
B,I,S,O,N
B,I,T,C,H
B,I,T,E,R
B,I,T,E,S
B,I,T,S,Y
B,I,T,T,Y
B,L,A,C,K
B,L,A,D,E
B,L,A,M,E
B,L,A,N,D
B,L,A,N,K
B,L,A,R,E
B,L,A,S,E
B,L,A,S,T
B,L,A,Z,E
B,L,E,A,K
B,L,E,A,T
B,L,E,B,S
B,L,E,E,D
B,L,E,E,P
B,L,E,N,D
B,L,E,S,S
B,L,I,M,P
B,L,I,N,D
B,L,I,N,G
B,L,I,N,I
B,L,I,N,K
B,L,I,P,S
B,L,I,S,S
B,L,I,T,Z
B,L,O,A,T
B,L,O,B,S
B,L,O,C,K
B,L,O,C,S
B,L,O,G,S
B,L,O,K,E
B,L,O,N,D
B,L,O,O,D
B,L,O,O,M
B,L,O,O,P
B,L,O,T,S
B,L,O,W,N
B,L,O,W,S
B,L,U,E,D
B,L,U,E,S
B,L,U,E,Y
B,L,U,F,F
B,L,U,N,T
B,L,U,R,B
B,L,U,R,S
B,L,U,R,T
B,L,U,S,H
B,O,A,R,D
B,O,A,R,S
B,O,A,S,T
B,O,A,T,S
B,O,B,B,Y
B,O,C,C,E
B,O,C,H,E
B,O,D,E,D
B,O,D,E,S
B,O,F,F,O
B,O,G,E,Y
B,O,G,G,Y
B,O,G,I,E
B,O,G,U,S
B,O,I,L,S
B,O,L,A,S
B,O,L,E,S
B,O,L,L,S
B,O,L,T,S
B,O,L,U,S
B,O,M,B,E
B,O,M,B,S
B,O,N,D,S
B,O,N,E,D
B,O,N,E,R
B,O,N,E,S
B,O,N,E,Y
B,O,N,G,O
B,O,N,G,S
B,O,N,K,S
B,O,N,N,Y
B,O,N,U,S
B,O,O,B,S
B,O,O,B,Y
B,O,O,E,D
B,O,O,K,S
B,O,O,M,S
B,O,O,M,Y
B,O,O,N,S
B,O,O,R,S
B,O,O,S,T
B,O,O,T,H
B,O,O,T,S
B,O,O,T,Y
B,O,O,Z,E
B,O,O,Z,Y
B,O,P,P,Y
B,O,R,A,X
B,O,R,E,D
B,O,R,E,R
B,O,R,E,S
B,O,R,I,C
B,O,R,N,E
B,O,R,O,N
B,O,S,O,M
B,O,S,O,N
B,O,S,S,Y
B,O,S,U,N
B,O,T,C,H
B,O,U,G,H
B,O,U,L,E
B,O,U,N,D
B,O,U,T,S
B,O,W,E,D
B,O,W,E,L
B,O,W,E,R
B,O,W,L,S
B,O,X,E,D
B,O,X,E,R
B,O,X,E,S
B,O,Y,A,R
B,O,Y,O,S
B,O,Z,O,S
B,R,A,C,E
B,R,A,C,T
B,R,A,D,S
B,R,A,G,S
B,R,A,I,D
B,R,A,I,N
B,R,A,K,E
B,R,A,N,D
B,R,A,N,S
B,R,A,S,H
B,R,A,S,S
B,R,A,T,S
B,R,A,V,E
B,R,A,V,O
B,R,A,W,L
B,R,A,W,N
B,R,A,Y,S
B,R,A,Z,E
B,R,E,A,D
B,R,E,A,K
B,R,E,A,M
B,R,E,E,D
B,R,E,W,S
B,R,I,A,R
B,R,I,B,E
B,R,I,C,K
B,R,I,D,E
B,R,I,E,F
B,R,I,E,R
B,R,I,G,S
B,R,I,M,S
B,R,I,N,E
B,R,I,N,G
B,R,I,N,K
B,R,I,N,Y
B,R,I,S,K
B,R,I,T,S
B,R,O,A,D
B,R,O,C,H
B,R,O,I,L
B,R,O,K,E
B,R,O,M,E
B,R,O,N,C
B,R,O,O,D
B,R,O,O,K
B,R,O,O,M
B,R,O,T,H
B,R,O,W,N
B,R,O,W,S
B,R,U,I,N
B,R,U,I,T
B,R,U,N,T
B,R,U,S,H
B,R,U,T,E
B,U,B,B,A
B,U,C,K,S
B,U,D,D,Y
B,U,D,G,E
B,U,F,F,S
B,U,G,G,Y
B,U,G,L,E
B,U,I,L,D
B,U,I,L,T
B,U,L,B,S
B,U,L,G,E
B,U,L,K,S
B,U,L,K,Y
B,U,L,L,A
B,U,L,L,S
B,U,L,L,Y
B,U,M,P,S
B,U,M,P,Y
B,U,N,C,H
B,U,N,D,S
B,U,N,D,T
B,U,N,K,S
B,U,N,N,Y
B,U,N,T,S
B,U,O,Y,S
B,U,R,B,S
B,U,R,G,S
B,U,R,K,A
B,U,R,L,Y
B,U,R,N,S
B,U,R,N,T
B,U,R,P,S
B,U,R,Q,A
B,U,R,R,O
B,U,R,R,S
B,U,R,S,A
B,U,R,S,T
B,U,S,E,D
B,U,S,E,S
B,U,S,H,Y
B,U,S,T,S
B,U,S,T,Y
B,U,T,C,H
B,U,T,T,E
B,U,T,T,S
B,U,X,O,M
B,U,Y,E,R
B,U,Z,Z,Y
B,Y,L,A,W
B,Y,R,E,S
B,Y,T,E,S
B,Y,W,A,Y
C,A,B,A,L
C,A,B,B,Y
C,A,B,E,R
C,A,B,I,N
C,A,B,L,E
C,A,C,A,O
C,A,C,H,E
C,A,C,T,I
C,A,D,D,Y
C,A,D,E,T
C,A,D,R,E
C,A,F,E,S
C,A,G,E,D
C,A,G,E,S
C,A,G,E,Y
C,A,I,R,N
C,A,K,E,D
C,A,K,E,S
C,A,K,E,Y
C,A,L,F,S
C,A,L,I,F
C,A,L,L,A
C,A,L,L,S
C,A,L,M,S
C,A,L,V,E
C,A,L,Y,X
C,A,M,E,L
C,A,M,E,O
C,A,M,P,O
C,A,M,P,S
C,A,M,P,Y
C,A,N,A,L
C,A,N,D,Y
C,A,N,E,D
C,A,N,E,S
C,A,N,I,D
C,A,N,N,A
C,A,N,N,Y
C,A,N,O,E
C,A,N,O,N
C,A,N,T,O
C,A,P,E,D
C,A,P,E,R
C,A,P,E,S
C,A,P,O,N
C,A,P,O,S
C,A,P,U,T
C,A,R,A,T
C,A,R,B,O
C,A,R,B,S
C,A,R,D,S
C,A,R,E,D
C,A,R,E,R
C,A,R,E,S
C,A,R,G,O
C,A,R,O,B
C,A,R,O,L
C,A,R,O,M
C,A,R,P,S
C,A,R,R,Y
C,A,R,T,E
C,A,R,T,S
C,A,R,V,E
C,A,S,E,D
C,A,S,E,S
C,A,S,K,S
C,A,S,T,E
C,A,S,T,S
C,A,T,C,H
C,A,T,E,R
C,A,T,T,Y
C,A,U,L,K
C,A,U,S,E
C,A,V,E,D
C,A,V,E,R
C,A,V,E,S
C,A,V,I,L
C,E,A,S,E
C,E,C,A,L
C,E,C,U,M
C,E,D,A,R
C,E,D,E,D
C,E,D,E,S
C,E,I,L,I
C,E,L,E,B
C,E,L,L,O
C,E,L,L,S
C,E,L,T,S
C,E,N,T,S
C,H,A,D,S
C,H,A,F,E
C,H,A,F,F
C,H,A,I,N
C,H,A,I,R
C,H,A,L,K
C,H,A,M,P
C,H,A,N,A
C,H,A,N,T
C,H,A,O,S
C,H,A,P,S
C,H,A,R,D
C,H,A,R,M
C,H,A,R,S
C,H,A,R,T
C,H,A,S,E
C,H,A,S,M
C,H,A,T,S
C,H,E,A,P
C,H,E,A,T
C,H,E,C,K
C,H,E,E,K
C,H,E,E,P
C,H,E,E,R
C,H,E,F,S
C,H,E,M,O
C,H,E,R,T
C,H,E,S,S
C,H,E,S,T
C,H,E,W,S
C,H,E,W,Y
C,H,I,C,A
C,H,I,C,K
C,H,I,C,O
C,H,I,D,E
C,H,I,E,F
C,H,I,L,D
C,H,I,L,E
C,H,I,L,I
C,H,I,L,L
C,H,I,M,E
C,H,I,M,P
C,H,I,N,A
C,H,I,N,E
C,H,I,N,G
C,H,I,N,O
C,H,I,N,S
C,H,I,P,S
C,H,I,R,P
C,H,I,T,S
C,H,I,V,E
C,H,O,C,K
C,H,O,I,R
C,H,O,K,E
C,H,O,M,P
C,H,O,P,S
C,H,O,R,D
C,H,O,R,E
C,H,O,S,E
C,H,O,W,S
C,H,U,B,S
C,H,U,C,K
C,H,U,F,F
C,H,U,G,S
C,H,U,M,P
C,H,U,M,S
C,H,U,N,K
C,H,U,R,N
C,H,U,T,E
C,I,D,E,R
C,I,G,A,R
C,I,N,C,H
C,I,R,C,A
C,I,S,C,O
C,I,T,E,D
C,I,T,E,S
C,I,V,E,T
C,I,V,I,C
C,I,V,I,L
C,I,V,V,Y
C,L,A,C,K
C,L,A,D,E
C,L,A,I,M
C,L,A,M,P
C,L,A,M,S
C,L,A,N,G
C,L,A,N,K
C,L,A,N,S
C,L,A,P,S
C,L,A,S,H
C,L,A,S,P
C,L,A,S,S
C,L,A,V,E
C,L,A,W,S
C,L,A,Y,S
C,L,E,A,N
C,L,E,A,R
C,L,E,A,T
C,L,E,F,S
C,L,E,F,T
C,L,E,R,K
C,L,I,C,K
C,L,I,F,F
C,L,I,M,B
C,L,I,M,E
C,L,I,N,E
C,L,I,N,G
C,L,I,N,K
C,L,I,P,S
C,L,O,A,K
C,L,O,C,K
C,L,O,D,S
C,L,O,G,S
C,L,O,M,P
C,L,O,N,E
C,L,O,S,E
C,L,O,T,H
C,L,O,T,S
C,L,O,U,D
C,L,O,U,T
C,L,O,V,E
C,L,O,W,N
C,L,U,B,S
C,L,U,C,K
C,L,U,E,D
C,L,U,E,S
C,L,U,M,P
C,L,U,N,G
C,L,U,N,K
C,O,A,C,H
C,O,A,L,S
C,O,A,S,T
C,O,A,T,I
C,O,A,T,S
C,O,B,I,A
C,O,B,R,A
C,O,C,C,I
C,O,C,K,S
C,O,C,K,Y
C,O,C,O,A
C,O,D,A,S
C,O,D,E,C
C,O,D,E,D
C,O,D,E,R
C,O,D,E,S
C,O,D,E,X
C,O,D,O,N
C,O,E,D,S
C,O,H,O,S
C,O,I,F,S
C,O,I,L,S
C,O,I,N,S
C,O,K,E,S
C,O,L,A,S
C,O,L,D,S
C,O,L,E,S
C,O,L,I,C
C,O,L,I,N
C,O,L,O,N
C,O,L,O,R
C,O,L,T,S
C,O,M,A,S
C,O,M,B,O
C,O,M,B,S
C,O,M,E,R
C,O,M,E,S
C,O,M,E,T
C,O,M,F,Y
C,O,M,I,C
C,O,M,M,A
C,O,M,M,O
C,O,M,P,O
C,O,M,P,S
C,O,M,T,E
C,O,N,C,H
C,O,N,D,O
C,O,N,E,D
C,O,N,E,S
C,O,N,G,A
C,O,N,G,O
C,O,N,I,C
C,O,N,K,S
C,O,O,E,D
C,O,O,K,S
C,O,O,L,S
C,O,O,P,S
C,O,O,P,T
C,O,P,E,D
C,O,P,E,S
C,O,P,R,A
C,O,P,S,E
C,O,R,A,L
C,O,R,D,S
C,O,R,E,D
C,O,R,E,R
C,O,R,E,S
C,O,R,G,I
C,O,R,K,S
C,O,R,K,Y
C,O,R,M,S
C,O,R,N,S
C,O,R,N,U
C,O,R,N,Y
C,O,R,P,S
C,O,S,T,S
C,O,T,T,A
C,O,U,C,H
C,O,U,G,H
C,O,U,L,D
C,O,U,N,T
C,O,U,P,E
C,O,U,P,S
C,O,U,R,T
C,O,V,E,N
C,O,V,E,R
C,O,V,E,S
C,O,V,E,T
C,O,V,E,Y
C,O,W,E,D
C,O,W,E,R
C,O,W,L,S
C,O,Y,L,Y
C,R,A,B,S
C,R,A,C,K
C,R,A,F,T
C,R,A,G,S
C,R,A,M,P
C,R,A,M,S
C,R,A,N,E
C,R,A,N,K
C,R,A,P,E
C,R,A,P,S
C,R,A,S,H
C,R,A,S,S
C,R,A,T,E
C,R,A,V,E
C,R,A,W,L
C,R,A,W,S
C,R,A,Z,E
C,R,A,Z,Y
C,R,E,A,K
C,R,E,A,M
C,R,E,D,O
C,R,E,E,D
C,R,E,E,K
C,R,E,E,L
C,R,E,E,P
C,R,E,M,E
C,R,E,P,E
C,R,E,P,T
C,R,E,S,S
C,R,E,S,T
C,R,E,W,S
C,R,I,B,S
C,R,I,C,K
C,R,I,E,D
C,R,I,E,R
C,R,I,E,S
C,R,I,M,E
C,R,I,M,P
C,R,I,S,P
C,R,I,T,S
C,R,O,A,K
C,R,O,C,K
C,R,O,C,S
C,R,O,F,T
C,R,O,N,E
C,R,O,N,Y
C,R,O,O,K
C,R,O,O,N
C,R,O,P,S
C,R,O,S,S
C,R,O,U,P
C,R,O,W,D
C,R,O,W,N
C,R,O,W,S
C,R,U,D,E
C,R,U,E,L
C,R,U,E,T
C,R,U,M,B
C,R,U,S,E
C,R,U,S,H
C,R,U,S,T
C,R,Y,P,T
C,U,B,B,Y
C,U,B,E,D
C,U,B,E,S
C,U,B,I,C
C,U,B,I,T
C,U,D,D,Y
C,U,F,F,S
C,U,L,L,S
C,U,L,P,A
C,U,L,T,S
C,U,M,I,N
C,U,P,I,D
C,U,P,P,A
C,U,R,B,S
C,U,R,D,S
C,U,R,E,D
C,U,R,E,S
C,U,R,I,A
C,U,R,I,O
C,U,R,L,S
C,U,R,L,Y
C,U,R,R,Y
C,U,R,S,E
C,U,R,V,E
C,U,R,V,Y
C,U,S,H,Y
C,U,S,P,S
C,U,T,E,R
C,U,T,I,E
C,U,T,I,S
C,U,T,U,P
C,Y,C,A,D
C,Y,C,L,E
C,Y,C,L,O
C,Y,N,I,C
C,Y,S,T,S
C,Z,A,R,S
D,A,C,H,A
D,A,D,D,Y
D,A,D,O,S
D,A,F,F,Y
D,A,I,L,Y
D,A,I,R,Y
D,A,I,S,Y
D,A,L,E,S
D,A,M,E,S
D,A,M,N,S
D,A,M,P,S
D,A,N,C,E
D,A,N,D,Y
D,A,R,E,D
D,A,R,E,S
D,A,R,K,S
D,A,R,N,S
D,A,R,T,S
D,A,S,H,I
D,A,T,E,D
D,A,T,E,R
D,A,T,E,S
D,A,T,U,M
D,A,U,B,S
D,A,U,N,T
D,A,V,I,T
D,A,W,N,S
D,A,Z,E,D
D,E,A,L,S
D,E,A,L,T
D,E,A,N,S
D,E,A,R,S
D,E,A,R,Y
D,E,A,T,H
D,E,B,I,T
D,E,B,T,S
D,E,B,U,G
D,E,B,U,T
D,E,C,A,F
D,E,C,A,L
D,E,C,A,Y
D,E,C,K,S
D,E,C,O,R
D,E,C,O,Y
D,E,C,R,Y
D,E,E,D,S
D,E,E,M,S
D,E,E,P,S
D,E,E,R,S
D,E,F,E,R
D,E,I,F,Y
D,E,I,G,N
D,E,I,S,M
D,E,I,S,T
D,E,I,T,Y
D,E,K,E,S
D,E,L,A,Y
D,E,L,F,T
D,E,L,I,S
D,E,L,L,S
D,E,L,T,A
D,E,L,V,E
D,E,M,O,N
D,E,M,O,S
D,E,M,U,R
D,E,N,I,M
D,E,N,S,E
D,E,N,T,S
D,E,P,O,T
D,E,P,T,H
D,E,R,B,Y
D,E,S,K,S
D,E,T,E,R
D,E,T,O,X
D,E,U,C,E
D,E,V,I,L
D,E,W,A,R
D,H,I,K,R
D,H,O,W,S
D,I,A,L,S
D,I,A,R,Y
D,I,C,E,D
D,I,C,E,S
D,I,C,E,Y
D,I,C,K,Y
D,I,C,T,A
D,I,E,T,S
D,I,G,I,T
D,I,K,E,D
D,I,K,E,S
D,I,L,L,S
D,I,L,L,Y
D,I,M,E,R
D,I,M,E,S
D,I,M,L,Y
D,I,N,A,R
D,I,N,E,D
D,I,N,E,R
D,I,N,E,S
D,I,N,G,O
D,I,N,G,S
D,I,N,G,Y
D,I,N,K,S
D,I,N,K,Y
D,I,N,O,S
D,I,O,D,E
D,I,P,P,Y
D,I,R,E,R
D,I,R,G,E
D,I,R,T,Y
D,I,S,C,O
D,I,S,C,S
D,I,S,H,Y
D,I,S,K,S
D,I,T,C,H
D,I,T,S,Y
D,I,T,T,O
D,I,T,T,Y
D,I,T,Z,Y
D,I,V,A,N
D,I,V,A,S
D,I,V,E,D
D,I,V,E,R
D,I,V,E,S
D,I,V,O,T
D,I,V,V,Y
D,I,Z,Z,Y
D,O,C,K,S
D,O,D,G,E
D,O,D,G,Y
D,O,D,O,S
D,O,E,R,S
D,O,F,F,S
D,O,G,E,S
D,O,G,G,Y
D,O,G,M,A
D,O,I,N,G
D,O,L,E,D
D,O,L,E,S
D,O,L,L,S
D,O,L,L,Y
D,O,L,O,R
D,O,L,T,S
D,O,M,E,D
D,O,M,E,S
D,O,N,E,E
D,O,N,G,S
D,O,N,N,A
D,O,N,O,R
D,O,N,U,T
D,O,O,M,S
D,O,O,M,Y
D,O,O,R,S
D,O,O,Z,Y
D,O,P,E,D
D,O,P,E,S
D,O,P,E,Y
D,O,R,K,S
D,O,R,K,Y
D,O,R,M,S
D,O,S,A,S
D,O,S,E,D
D,O,S,E,S
D,O,T,E,D
D,O,T,E,S
D,O,T,T,Y
D,O,U,B,T
D,O,U,G,H
D,O,U,L,A
D,O,U,S,E
D,O,V,E,S
D,O,W,D,Y
D,O,W,E,L
D,O,W,E,R
D,O,W,N,S
D,O,W,N,Y
D,O,W,R,Y
D,O,W,S,E
D,O,Y,E,N
D,O,Z,E,D
D,O,Z,E,N
D,O,Z,E,R
D,O,Z,E,S
D,R,A,B,S
D,R,A,F,T
D,R,A,G,S
D,R,A,I,N
D,R,A,K,E
D,R,A,M,A
D,R,A,M,S
D,R,A,N,K
D,R,A,P,E
D,R,A,W,L
D,R,A,W,N
D,R,A,W,S
D,R,A,Y,S
D,R,E,A,D
D,R,E,A,M
D,R,E,C,K
D,R,E,G,S
D,R,E,S,S
D,R,I,B,S
D,R,I,E,D
D,R,I,E,R
D,R,I,E,S
D,R,I,F,T
D,R,I,L,L
D,R,I,L,Y
D,R,I,N,K
D,R,I,P,S
D,R,I,V,E
D,R,O,I,D
D,R,O,L,L
D,R,O,N,E
D,R,O,O,L
D,R,O,O,P
D,R,O,P,S
D,R,O,S,S
D,R,O,V,E
D,R,O,W,N
D,R,U,G,S
D,R,U,I,D
D,R,U,M,S
D,R,U,N,K
D,R,U,P,E
D,R,Y,A,D
D,R,Y,E,R
D,R,Y,L,Y
D,U,A,L,S
D,U,C,A,L
D,U,C,A,T
D,U,C,H,Y
D,U,C,K,S
D,U,C,K,Y
D,U,C,T,S
D,U,D,E,S
D,U,E,L,S
D,U,E,T,S
D,U,F,F,S
D,U,K,E,S
D,U,L,L,S
D,U,L,L,Y
D,U,L,S,E
D,U,M,B,O
D,U,M,M,Y
D,U,M,P,S
D,U,M,P,Y
D,U,N,C,E
D,U,N,E,S
D,U,N,K,S
D,U,O,M,O
D,U,P,E,D
D,U,P,E,S
D,U,R,A,L
D,U,R,U,M
D,U,S,K,S
D,U,S,K,Y
D,U,S,T,S
D,U,S,T,Y
D,U,T,C,H
D,U,V,E,T
D,W,A,R,F
D,W,E,E,B
D,W,E,L,L
D,W,E,L,T
D,Y,A,D,S
D,Y,E,R,S
D,Y,I,N,G
D,Y,K,E,S
E,A,G,E,R
E,A,G,L,E
E,A,R,E,D
E,A,R,L,S
E,A,R,L,Y
E,A,R,N,S
E,A,R,T,H
E,A,S,E,D
E,A,S,E,L
E,A,S,E,R
E,A,S,E,S
E,A,T,E,N
E,A,T,E,R
E,A,V,E,S
E,B,B,E,D
E,B,O,N,Y
E,B,O,O,K
E,C,H,O,S
E,C,L,A,T
E,D,E,M,A
E,D,G,E,D
E,D,G,E,R
E,D,G,E,S
E,D,I,C,T
E,D,I,F,Y
E,D,I,T,S
E,E,J,I,T
E,E,R,I,E
E,G,G,E,D
E,G,R,E,T
E,I,D,E,R
E,I,D,O,S
E,I,G,H,T
E,J,E,C,T
E,J,I,D,O
E,L,A,N,D
E,L,B,O,W
E,L,D,E,R
E,L,E,C,T
E,L,E,G,Y
E,L,I,D,E
E,L,I,T,E
E,L,O,P,E
E,L,U,D,E
E,L,U,T,E
E,L,V,E,N
E,L,V,E,S
E,M,A,I,L
E,M,B,E,D
E,M,B,E,R
E,M,C,E,E
E,M,E,R,Y
E,M,I,R,S
E,M,I,T,S
E,M,O,T,E
E,M,P,T,Y
E,N,A,C,T
E,N,D,E,D
E,N,D,O,W
E,N,E,M,A
E,N,E,M,Y
E,N,J,O,Y
E,N,N,U,I
E,N,O,K,I
E,N,R,O,L
E,N,S,U,E
E,N,T,E,R
E,N,T,R,Y
E,N,V,O,Y
E,O,S,I,N
E,P,I,C,S
E,P,O,C,H
E,P,O,X,Y
E,Q,U,A,L
E,Q,U,I,P
E,R,A,S,E
E,R,E,C,T
E,R,G,O,T
E,R,O,D,E
E,R,R,E,D
E,R,R,O,R
E,R,U,P,T
E,S,S,A,Y
E,T,H,E,R
E,T,H,I,C
E,T,H,O,S
E,T,H,Y,L
E,T,U,D,E
E,U,R,O,S
E,V,A,D,E
E,V,E,N,S
E,V,E,N,T
E,V,E,R,Y
E,V,I,C,T
E,V,I,L,S
E,V,O,K,E
E,W,E,R,S
E,X,A,C,T
E,X,A,L,T
E,X,A,M,S
E,X,C,E,L
E,X,E,C,S
E,X,E,R,T
E,X,I,L,E
E,X,I,S,T
E,X,I,T,S
E,X,P,A,T
E,X,P,E,L
E,X,P,O,S
E,X,T,O,L
E,X,T,R,A
E,X,U,D,E
E,X,U,L,T
E,X,U,R,B
E,Y,I,N,G
E,Y,R,I,E
F,A,B,L,E
F,A,C,E,D
F,A,C,E,R
F,A,C,E,S
F,A,C,E,T
F,A,C,I,A
F,A,C,T,S
F,A,D,E,D
F,A,D,E,R
F,A,D,E,S
F,A,E,R,Y
F,A,I,L,S
F,A,I,N,T
F,A,I,R,S
F,A,I,R,Y
F,A,I,T,H
F,A,K,E,D
F,A,K,E,R
F,A,K,E,S
F,A,K,I,E
F,A,K,I,R
F,A,L,L,S
F,A,M,E,D
F,A,N,C,Y
F,A,N,G,S
F,A,N,N,Y
F,A,R,C,E
F,A,R,E,D
F,A,R,E,S
F,A,R,M,S
F,A,R,T,S
F,A,S,T,S
F,A,T,A,L
F,A,T,E,D
F,A,T,E,S
F,A,T,S,O
F,A,T,T,Y
F,A,T,W,A
F,A,U,L,T
F,A,U,N,A
F,A,U,N,S
F,A,V,A,S
F,A,V,E,S
F,A,V,O,R
F,A,W,N,S
F,A,X,E,D
F,A,X,E,S
F,A,Z,E,D
F,A,Z,E,S
F,E,A,R,S
F,E,A,S,T
F,E,A,T,S
F,E,C,A,L
F,E,C,E,S
F,E,E,D,S
F,E,E,L,S
F,E,I,G,N
F,E,I,N,T
F,E,L,L,A
F,E,L,L,S
F,E,L,O,N
F,E,L,T,S
F,E,M,M,E
F,E,M,U,R
F,E,N,C,E
F,E,N,D,S
F,E,R,A,L
F,E,R,I,A
F,E,R,N,S
F,E,R,N,Y
F,E,R,R,Y
F,E,S,T,S
F,E,T,A,L
F,E,T,C,H
F,E,T,E,D
F,E,T,E,S
F,E,T,I,D
F,E,T,U,S
F,E,U,D,S
F,E,V,E,R
F,E,W,E,R
F,I,A,T,S
F,I,B,E,R
F,I,B,R,E
F,I,C,H,E
F,I,C,U,S
F,I,E,F,S
F,I,E,L,D
F,I,E,N,D
F,I,E,R,Y
F,I,F,E,S
F,I,F,T,H
F,I,F,T,Y
F,I,G,H,T
F,I,L,C,H
F,I,L,E,D
F,I,L,E,R
F,I,L,E,S
F,I,L,E,T
F,I,L,L,S
F,I,L,L,Y
F,I,L,M,S
F,I,L,M,Y
F,I,L,T,H
F,I,N,A,L
F,I,N,C,A
F,I,N,C,H
F,I,N,D,S
F,I,N,E,D
F,I,N,E,R
F,I,N,E,S
F,I,N,I,S
F,I,N,K,S
F,I,O,R,D
F,I,R,E,D
F,I,R,E,S
F,I,R,M,S
F,I,R,S,T
F,I,S,H,Y
F,I,S,T,S
F,I,T,L,Y
F,I,V,E,R
F,I,V,E,S
F,I,X,E,D
F,I,X,E,R
F,I,X,E,S
F,I,Z,Z,Y
F,J,O,R,D
F,L,A,C,K
F,L,A,G,S
F,L,A,I,L
F,L,A,I,R
F,L,A,K,E
F,L,A,K,Y
F,L,A,M,E
F,L,A,N,K
F,L,A,N,S
F,L,A,P,S
F,L,A,R,E
F,L,A,S,H
F,L,A,S,K
F,L,A,T,S
F,L,A,W,S
F,L,A,Y,S
F,L,E,A,S
F,L,E,C,K
F,L,E,E,S
F,L,E,E,T
F,L,E,S,H
F,L,I,C,K
F,L,I,E,R
F,L,I,E,S
F,L,I,N,G
F,L,O,A,T
F,L,O,O,D
F,L,O,O,R
F,L,O,U,R
F,L,O,W,N
F,L,O,W,S
F,L,U,I,D
F,L,Y,E,R
F,O,C,A,L
F,O,C,U,S
F,O,L,K,S
F,O,N,T,S
F,O,O,D,S
F,O,R,C,E
F,O,R,M,S
F,O,R,T,H
F,O,R,T,Y
F,O,R,U,M
F,O,U,N,D
F,R,A,M,E
F,R,A,U,D
F,R,E,S,H
F,R,I,E,D
F,R,I,E,S
F,R,O,N,T
F,R,O,S,T
F,R,U,I,T
F,U,E,L,S
F,U,L,L,Y
F,U,N,D,S
F,U,N,N,Y
G,A,I,N,S
G,A,M,E,S
G,A,M,M,A
G,A,S,E,S
G,A,T,E,S
G,A,U,G,E
G,E,A,R,S
G,E,N,E,S
G,E,N,R,E
G,H,O,S,T
G,I,A,N,T
G,I,F,T,S
G,I,R,L,S
G,I,V,E,N
G,I,V,E,S
G,L,A,N,D
G,L,A,S,S
G,L,O,B,E
G,L,O,R,Y
G,L,O,S,S
G,L,O,V,E
G,L,U,E,D
G,O,A,L,S
G,O,A,T,S
G,O,I,N,G
G,O,O,D,S
G,R,A,C,E
G,R,A,D,E
G,R,A,I,N
G,R,A,M,S
G,R,A,N,D
G,R,A,N,T
G,R,A,P,E
G,R,A,P,H
G,R,A,S,P
G,R,A,S,S
G,R,A,V,E
G,R,E,A,T
G,R,E,E,K
G,R,E,E,N
G,R,E,E,T
G,R,I,E,F
G,R,I,L,L
G,R,I,N,D
G,R,I,P,S
G,R,O,S,S
G,R,O,U,P
G,R,O,V,E
G,R,O,W,N
G,R,O,W,S
G,U,A,R,D
G,U,E,S,S
G,U,E,S,T
G,U,I,D,E
G,U,I,L,D
G,U,I,L,T
H,A,B,I,T
H,A,I,R,S
H,A,L,L,S
H,A,N,D,S
H,A,N,D,Y
H,A,N,G,S
H,A,P,P,Y
H,A,R,S,H
H,A,T,E,D
H,A,T,E,S
H,A,V,E,N
H,A,W,K,S
H,E,A,D,S
H,E,A,R,D
H,E,A,R,T
H,E,A,V,Y
H,E,D,G,E
H,E,E,L,S
H,E,L,L,O
H,E,L,P,S
H,E,N,C,E
H,E,R,B,S
H,I,G,H,S
H,I,L,L,S
H,I,N,T,S
H,I,R,E,D
H,O,B,B,Y
H,O,L,D,S
H,O,L,E,S
H,O,L,L,Y
H,O,M,E,S
H,O,N,E,Y
H,O,N,O,R
H,O,O,K,S
H,O,P,E,D
H,O,P,E,S
H,O,R,N,S
H,O,R,S,E
H,O,S,T,S
H,O,T,E,L
H,O,U,R,S
H,O,U,S,E
H,O,V,E,R
H,U,M,A,N
H,U,M,O,R
H,U,R,T,S
I,C,O,N,S
I,D,E,A,L
I,D,E,A,S
I,D,I,O,T
I,M,A,G,E
I,M,P,L,Y
I,N,B,O,X
I,N,C,U,R
I,N,D,E,X
I,N,D,I,E
I,N,N,E,R
I,N,P,U,T
I,N,T,R,O
I,S,S,U,E
I,T,E,M,S
J,E,A,N,S
J,E,L,L,Y
J,E,W,E,L
J,O,I,N,S
J,O,I,N,T
J,O,K,E,S
J,U,D,G,E
J,U,I,C,E
J,U,I,C,Y
J,U,M,P,S
K,E,E,P,S
K,I,C,K,S
K,I,L,L,S
K,I,N,D,A
K,I,N,D,S
K,I,N,G,S
K,N,E,E,S
K,N,I,F,E
K,N,O,C,K
K,N,O,T,S
K,N,O,W,N
K,N,O,W,S
L,A,B,E,L
L,A,B,O,R
L,A,C,K,S
L,A,K,E,S
L,A,M,P,S
L,A,N,D,S
L,A,N,E,S
L,A,R,G,E
L,A,S,E,R
L,A,S,T,S
L,A,T,E,R
L,A,U,G,H
L,A,Y,E,R
L,E,A,D,S
L,E,A,K,S
L,E,A,R,N
L,E,A,S,E
L,E,A,S,T
L,E,A,V,E
L,E,G,A,L
L,E,M,O,N
L,E,V,E,L
L,E,V,E,R
L,I,G,H,T
L,I,K,E,D
L,I,K,E,S
L,I,M,B,S
L,I,M,I,T
L,I,N,E,D
L,I,N,E,N
L,I,N,E,R
L,I,N,E,S
L,I,N,K,S
L,I,O,N,S
L,I,S,T,S
L,I,V,E,D
L,I,V,E,R
L,I,V,E,S
L,O,A,D,S
L,O,A,N,S
L,O,B,B,Y
L,O,C,A,L
L,O,C,K,S
L,O,D,G,E
L,O,G,I,C
L,O,G,O,S
L,O,O,K,S
L,O,O,P,S
L,O,O,S,E
L,O,R,D,S
L,O,S,E,S
L,O,V,E,D
L,O,V,E,R
L,O,V,E,S
L,O,W,E,R
L,O,Y,A,L
L,U,C,K,Y
L,U,N,A,R
L,U,N,C,H
L,U,N,G,S
L,Y,I,N,G
M,A,C,R,O
M,A,G,I,C
M,A,J,O,R
M,A,K,E,R
M,A,K,E,S
M,A,L,E,S
M,A,P,L,E
M,A,R,C,H
M,A,R,K,S
M,A,R,R,Y
M,A,S,K,S
M,A,T,C,H
M,A,T,E,S
M,A,T,H,S
M,A,T,T,E
M,A,Y,B,E
M,A,Y,O,R
M,E,A,L,S
M,E,A,N,S
M,E,A,N,T
M,E,A,T,S
M,E,D,A,L
M,E,D,I,A
M,E,E,T,S
M,E,L,E,E
M,E,N,U,S
M,E,R,C,Y
M,E,R,G,E
M,E,R,I,T
M,E,R,R,Y
M,E,S,S,Y
M,E,T,A,L
M,E,T,E,R
M,E,T,R,O
M,I,C,R,O
M,I,D,S,T
M,I,G,H,T
M,I,L,E,S
M,I,N,D,S
M,I,N,E,S
M,I,N,O,R
M,I,N,U,S
M,I,X,E,D
M,I,X,E,R
M,I,X,E,S
M,O,D,E,L
M,O,D,E,M
M,O,D,E,S
M,O,I,S,T
M,O,N,E,Y
M,O,N,T,H
M,O,R,A,L
M,O,T,O,R
M,O,U,N,T
M,O,U,S,E
M,O,U,T,H
M,O,V,E,D
M,O,V,E,S
M,O,V,I,E
M,U,S,I,C
M,Y,T,H,S
N,A,I,L,S
N,A,K,E,D
N,A,M,E,D
N,A,M,E,S
N,A,S,A,L
N,A,S,T,Y
N,A,V,A,L
N,E,E,D,S
N,E,R,V,E
N,E,V,E,R
N,E,W,E,R
N,E,W,L,Y
N,E,X,U,S
N,I,C,E,R
N,I,C,H,E
N,I,G,H,T
N,I,N,J,A
N,I,N,T,H
N,O,B,L,E
N,O,D,E,S
N,O,I,S,E
N,O,I,S,Y
N,O,R,M,S
N,O,R,T,H
N,O,T,C,H
N,O,T,E,D
N,O,T,E,S
N,O,V,E,L
N,U,R,S,E
N,Y,L,O,N
O,A,S,I,S
O,C,C,U,R
O,C,E,A,N
O,F,F,E,R
O,F,T,E,N
O,L,D,E,R
O,L,I,V,E
O,M,E,G,A
O,N,I,O,N
O,N,S,E,T
O,P,E,N,S
O,P,E,R,A
O,P,T,E,D
O,P,T,I,C
O,R,B,I,T
O,R,D,E,R
O,R,G,A,N
O,T,H,E,R
O,U,G,H,T
O,U,N,C,E
O,U,T,E,R
O,W,N,E,D
O,W,N,E,R
O,X,I,D,E
P,A,C,K,S
P,A,G,E,S
P,A,I,N,S
P,A,I,N,T
P,A,I,R,S
P,A,N,E,L
P,A,N,I,C
P,A,N,T,S
P,A,P,E,R
P,A,R,K,S
P,A,R,T,S
P,A,R,T,Y
P,A,S,T,A
P,A,S,T,E
P,A,T,C,H
P,A,T,H,S
P,A,T,I,O
P,A,U,S,E
P,E,A,C,E
P,E,A,C,H
P,E,A,K,S
P,E,A,R,L
P,E,D,A,L
P,E,E,R,S
P,E,N,I,S
P,E,N,N,Y
P,E,R,K,S
P,E,S,T,S
P,E,T,T,Y
P,H,A,S,E
P,H,O,N,E
P,H,O,T,O
P,I,A,N,O
P,I,C,K,S
P,I,E,C,E
P,I,L,E,S
P,I,L,L,S
P,I,L,O,T
P,I,N,C,H
P,I,P,E,S
P,I,T,C,H
P,I,X,E,L
P,I,Z,Z,A
P,L,A,C,E
P,L,A,I,N
P,L,A,N,E
P,L,A,N,S
P,L,A,N,T
P,L,A,T,E
P,L,A,Y,S
P,L,A,Z,A
P,L,O,T,S
P,L,U,G,S
P,O,E,M,S
P,O,I,N,T
P,O,K,E,R
P,O,L,A,R
P,O,L,E,S
P,O,L,L,S
P,O,O,L,S
P,O,R,C,H
P,O,R,E,S
P,O,R,T,S
P,O,S,E,D
P,O,S,E,S
P,O,S,T,S
P,O,U,C,H
P,O,U,N,D
P,O,W,E,R
P,R,E,S,S
P,R,I,C,E
P,R,I,D,E
P,R,I,M,E
P,R,I,N,T
P,R,I,O,R
P,R,I,Z,E
P,R,O,B,E
P,R,O,M,O
P,R,O,N,E
P,R,O,O,F
P,R,O,P,S
P,R,O,U,D
P,R,O,V,E
P,R,O,X,Y
P,S,A,L,M
P,U,L,L,S
P,U,L,S,E
P,U,M,P,S
P,U,N,C,H
P,U,P,I,L
P,U,P,P,Y
P,U,R,S,E
Q,U,E,E,N
Q,U,E,R,Y
Q,U,E,S,T
Q,U,E,U,E
Q,U,I,C,K
Q,U,I,E,T
Q,U,I,L,T
Q,U,I,T,E
Q,U,O,T,E
R,A,C,E,S
R,A,C,K,S
R,A,D,A,R
R,A,D,I,O
R,A,I,L,S
R,A,I,N,Y
R,A,I,S,E
R,A,L,L,Y
R,A,N,C,H
R,A,N,G,E
R,A,N,K,S
R,A,P,I,D
R,A,T,E,D
R,A,T,E,S
R,A,T,I,O
R,A,Z,O,R
R,E,A,C,H
R,E,A,C,T
R,E,A,D,S
R,E,A,D,Y
R,E,A,L,M
R,E,B,E,L
R,E,F,E,R
R,E,I,G,N
R,E,L,A,X
R,E,L,A,Y
R,E,N,A,L
R,E,N,E,W
R,E,P,L,Y
R,E,S,E,T
R,E,S,I,N
R,E,T,R,O
R,I,D,E,R
R,I,D,E,S
R,I,D,G,E
R,I,F,L,E
R,I,G,H,T
R,I,G,I,D
R,I,N,G,S
R,I,N,S,E
R,I,S,E,N
R,I,S,E,S
R,I,S,K,S
R,I,S,K,Y
R,I,V,A,L
R,I,V,E,R
R,O,A,D,S
R,O,B,O,T
R,O,C,K,S
R,O,C,K,Y
R,O,G,U,E
R,O,L,E,S
R,O,L,L,S
R,O,M,A,N
R,O,O,M,S
R,O,O,T,S
R,O,P,E,S
R,O,S,E,S
R,O,U,G,H
R,O,U,N,D
R,O,U,T,E
R,O,Y,A,L
R,U,G,B,Y
R,U,I,N,S
R,U,L,E,D
R,U,L,E,R
R,U,L,E,S
R,U,R,A,L
S,A,D,L,Y
S,A,F,E,R
S,A,L,A,D
S,A,L,E,S
S,A,L,O,N
S,A,N,D,Y
S,A,T,I,N
S,A,U,C,E
S,A,V,E,D
S,A,V,E,S
S,C,A,L,E
S,C,A,L,P
S,C,A,N,S
S,C,A,R,E
S,C,A,R,F
S,C,A,R,Y
S,C,E,N,E
S,C,E,N,T
S,C,O,O,P
S,C,O,P,E
S,C,O,R,E
S,C,O,U,T
S,C,R,A,P
S,C,R,E,W
S,E,A,L,S
S,E,A,M,S
S,E,A,T,S
S,E,E,D,S
S,E,E,K,S
S,E,E,M,S
S,E,L,L,S
S,E,N,D,S
S,E,N,S,E
S,E,R,U,M
S,E,R,V,E
S,E,T,U,P
S,E,V,E,N
S,E,W,E,R
S,H,A,D,E
S,H,A,F,T
S,H,A,K,E
S,H,A,L,L
S,H,A,M,E
S,H,A,P,E
S,H,A,R,E
S,H,A,R,K
S,H,A,R,P
S,H,E,E,P
S,H,E,E,R
S,H,E,E,T
S,H,E,L,F
S,H,E,L,L
S,H,I,F,T
S,H,I,N,E
S,H,I,N,Y
S,H,I,P,S
S,H,I,R,T
S,H,O,C,K
S,H,O,E,S
S,H,O,O,K
S,H,O,O,T
S,H,O,P,S
S,H,O,R,E
S,H,O,R,T
S,H,O,T,S
S,H,O,W,N
S,H,O,W,S
S,I,D,E,S
S,I,E,G,E
S,I,G,H,T
S,I,G,M,A
S,I,G,N,S
S,I,L,L,Y
S,I,N,C,E
S,I,T,E,S
S,I,X,T,H
S,I,Z,E,D
S,I,Z,E,S
S,K,I,E,S
S,K,I,L,L
S,K,I,N,S
S,K,I,R,T
S,K,U,L,L
S,L,A,T,E
S,L,A,V,E
S,L,E,E,K
S,L,E,E,P
S,L,E,P,T
S,L,I,C,E
S,L,I,D,E
S,L,O,P,E
S,L,O,T,S
S,M,A,L,L
S,M,A,R,T
S,M,E,L,L
S,M,I,L,E
S,M,O,K,E
S,N,A,C,K
S,N,A,K,E
S,N,E,A,K
S,O,C,K,S
S,O,I,L,S
S,O,L,A,R
S,O,L,I,D
S,O,L,V,E
S,O,N,G,S
S,O,N,I,C
S,O,R,R,Y
S,O,R,T,S
S,O,U,L,S
S,O,U,N,D
S,O,U,T,H
S,P,A,C,E
S,P,A,R,E
S,P,A,R,K
S,P,E,A,K
S,P,E,C,S
S,P,E,E,D
S,P,E,L,L
S,P,E,N,D
S,P,E,N,T
S,P,E,R,M
S,P,I,C,E
S,P,I,C,Y
S,P,I,K,E
S,P,I,N,E
S,P,I,T,E
S,P,L,I,T
S,P,O,K,E
S,P,O,O,N
S,P,O,R,T
S,P,O,T,S
S,P,R,A,Y
S,P,U,R,S
S,Q,U,A,D
S,T,A,C,K
S,T,A,F,F
S,T,A,G,E
S,T,A,I,N
S,T,A,K,E
S,T,A,M,P
S,T,A,N,D
S,T,A,R,K
S,T,A,R,S
S,T,A,R,T
S,T,A,T,E
S,T,A,T,S
S,T,A,Y,S
S,T,E,A,K
S,T,E,A,L
S,T,E,A,M
S,T,E,E,L
S,T,E,E,P
S,T,E,E,R
S,T,E,M,S
S,T,E,P,S
S,T,I,C,K
S,T,I,F,F
S,T,I,L,L
S,T,O,C,K
S,T,O,L,E
S,T,O,N,E
S,T,O,O,D
S,T,O,O,L
S,T,O,P,S
S,T,O,R,E
S,T,O,R,M
S,T,O,R,Y
S,T,O,V,E
S,T,R,A,P
S,T,R,A,W
S,T,R,I,P
S,T,U,C,K
S,T,U,D,Y
S,T,U,F,F
S,T,Y,L,E
S,U,C,K,S
S,U,G,A,R
S,U,I,T,E
S,U,I,T,S
S,U,N,N,Y
S,U,P,E,R
S,U,R,G,E
S,U,S,H,I
S,W,E,A,R
S,W,E,A,T
S,W,E,E,T
S,W,E,P,T
S,W,I,F,T
S,W,I,N,G
S,W,I,S,S
S,W,O,R,D
S,Y,R,U,P
T,A,B,L,E
T,A,K,E,N
T,A,K,E,S
T,A,L,E,S
T,A,L,K,S
T,A,N,K,S
T,A,P,E,S
T,A,S,K,S
T,A,S,T,E
T,A,S,T,Y
T,A,X,E,S
T,E,A,C,H
T,E,A,M,S
T,E,A,R,S
T,E,E,N,S
T,E,E,T,H
T,E,L,L,S
T,E,M,P,O
T,E,N,D,S
T,E,N,T,H
T,E,N,T,S
T,E,R,M,S
T,E,S,T,S
T,E,X,T,S
T,H,A,N,K
T,H,E,F,T
T,H,E,I,R
T,H,E,M,E
T,H,E,R,E
T,H,E,S,E
T,H,I,C,K
T,H,I,E,F
T,H,I,G,H
T,H,I,N,G
T,H,I,N,K
T,H,I,R,D
T,H,O,S,E
T,H,R,E,E
T,H,R,E,W
T,H,R,O,W
T,H,U,M,B
T,I,G,E,R
T,I,G,H,T
T,I,L,E,S
T,I,M,E,R
T,I,M,E,S
T,I,R,E,D
T,I,R,E,S
T,I,T,L,E
T,O,A,S,T
T,O,D,A,Y
T,O,K,E,N
T,O,N,E,S
T,O,O,L,S
T,O,O,T,H
T,O,P,I,C
T,O,R,C,H
T,O,T,A,L
T,O,U,C,H
T,O,U,G,H
T,O,U,R,S
T,O,W,E,L
T,O,W,E,R
T,O,W,N,S
T,O,X,I,C
T,R,A,C,E
T,R,A,C,K
T,R,A,C,T
T,R,A,D,E
T,R,A,I,L
T,R,A,I,N
T,R,A,I,T
T,R,A,N,S
T,R,A,P,S
T,R,A,S,H
T,R,E,A,T
T,R,E,E,S
T,R,E,N,D
T,R,I,A,L
T,R,I,B,E
T,R,I,C,K
T,R,I,E,D
T,R,I,E,S
T,R,I,P,S
T,R,O,U,T
T,R,U,C,K
T,R,U,L,Y
T,R,U,M,P
T,R,U,N,K
T,R,U,S,T
T,R,U,T,H
T,U,B,E,S
T,U,M,O,R
T,U,N,E,D
T,U,N,E,S
T,U,R,B,O
T,U,R,N,S
T,U,T,O,R
T,W,E,E,T
T,W,I,C,E
T,W,I,N,S
T,W,I,S,T
T,Y,P,E,S
T,Y,R,E,S
U,L,T,R,A
U,N,C,L,E
U,N,D,E,R
U,N,I,O,N
U,N,I,T,E
U,N,I,T,S
U,N,I,T,Y
U,N,T,I,L
U,P,P,E,R
U,P,S,E,T
U,R,B,A,N
U,R,G,E,D
U,R,I,N,E
U,S,A,G,E
U,S,E,R,S
U,S,I,N,G
U,S,U,A,L
V,A,G,U,E
V,A,L,I,D
V,A,L,U,E
V,A,L,V,E
V,A,P,O,R
V,A,U,L,T
V,E,G,A,N
V,E,I,N,S
V,E,N,T,S
V,E,N,U,E
V,E,R,S,E
V,I,D,E,O
V,I,E,W,S
V,I,L,L,A
V,I,N,Y,L
V,I,R,A,L
V,I,R,U,S
V,I,S,A,S
V,I,S,I,T
V,I,T,A,L
V,I,V,I,D
V,O,C,A,L
V,O,D,K,A
V,O,I,C,E
V,O,L,T,S
V,O,T,E,D
V,O,T,E,R
V,O,T,E,S
W,A,G,E,S
W,A,G,O,N
W,A,I,S,T
W,A,L,K,S
W,A,L,L,S
W,A,N,T,S
W,A,R,N,S
W,A,S,T,E
W,A,T,C,H
W,A,T,E,R
W,A,T,T,S
W,A,V,E,S
W,E,A,R,S
W,E,E,D,S
W,E,E,K,S
W,E,I,G,H
W,E,I,R,D
W,E,L,L,S
W,E,L,S,H
W,H,A,L,E
W,H,E,A,T
W,H,E,E,L
W,H,E,R,E
W,H,I,C,H
W,H,I,L,E
W,H,I,T,E
W,H,O,L,E
W,H,O,S,E
W,I,D,E,R
W,I,D,O,W
W,I,D,T,H
W,I,N,D,S
W,I,N,E,S
W,I,N,G,S
W,I,P,E,D
W,I,R,E,D
W,I,R,E,S
W,I,T,C,H
W,I,V,E,S
W,O,M,A,N
W,O,M,E,N
W,O,O,D,S
W,O,R,D,S
W,O,R,K,S
W,O,R,L,D
W,O,R,M,S
W,O,R,R,Y
W,O,R,S,E
W,O,R,S,T
W,O,R,T,H
W,O,U,L,D
W,O,U,N,D
W,R,A,T,H
W,R,I,S,T
W,R,I,T,E
W,R,O,N,G
W,R,O,T,E
Y,A,C,H,T
Y,A,R,D,S
Y,E,A,R,S
Y,E,A,S,T
Y,I,E,L,D
Y,O,U,N,G
Y,O,U,R,S
Y,O,U,T,H
Y,U,M,M,Y
Z,O,N,E,S
